Tipo de transmitiente;Tipo de titular;Periodo;Total
Persona física;Persona física;2024M08;72,6
Persona física;Persona física;2024M07;72,5
Persona física;Persona física;2024M06;70,8
Persona física;Persona física;2024M05;71
Persona física;Persona física;2024M04;69,2
Persona física;Persona física;2024M03;66,8
Persona física;Persona física;2024M02;65,6
Persona física;Persona física;2024M01;67,5
Persona física;Persona física;2023M12;69,1
Persona física;Persona física;2023M11;68,9
Persona física;Persona física;2023M10;69,4
Persona física;Persona física;2023M09;69,8
Persona física;Persona física;2023M08;68,4
Persona física;Persona física;2023M07;68,7
Persona física;Persona física;2023M06;68,9
Persona física;Persona física;2023M05;68,8
Persona física;Persona física;2023M04;68,3
Persona física;Persona física;2023M03;67,9
Persona física;Persona física;2023M02;67,2
Persona física;Persona física;2023M01;68,5
Persona física;Persona física;2022M12;70,2
Persona física;Persona física;2022M11;70,4
Persona física;Persona física;2022M10;69,6
Persona física;Persona física;2022M09;69,9
Persona física;Persona física;2022M08;68,9
Persona física;Persona física;2022M07;69,9
Persona física;Persona física;2022M06;71,7
Persona física;Persona física;2022M05;69,1
Persona física;Persona física;2022M04;69,7
Persona física;Persona física;2022M03;69,5
Persona física;Persona física;2022M02;66,7
Persona física;Persona física;2022M01;69,2
Persona física;Persona física;2021M12;70,4
Persona física;Persona física;2021M11;70,1
Persona física;Persona física;2021M10;70,9
Persona física;Persona física;2021M09;69,9
Persona física;Persona física;2021M08;70,9
Persona física;Persona física;2021M07;70,1
Persona física;Persona física;2021M06;70,7
Persona física;Persona física;2021M05;69,4
Persona física;Persona física;2021M04;69
Persona física;Persona física;2021M03;68,1
Persona física;Persona física;2021M02;64,8
Persona física;Persona física;2021M01;67
Persona física;Persona física;2020M12;70
Persona física;Persona física;2020M11;69,6
Persona física;Persona física;2020M10;68,9
Persona física;Persona física;2020M09;66,3
Persona física;Persona física;2020M08;65,6
Persona física;Persona física;2020M07;66,6
Persona física;Persona física;2020M06;69,8
Persona física;Persona física;2020M05;69,4
Persona física;Persona física;2020M04;69,1
Persona física;Persona física;2020M03;67,6
Persona física;Persona física;2020M02;65
Persona física;Persona física;2020M01;65,7
Persona física;Persona física;2019M12;68,9
Persona física;Persona física;2019M11;68,7
Persona física;Persona física;2019M10;68,4
Persona física;Persona física;2019M09;69,3
Persona física;Persona física;2019M08;69,6
Persona física;Persona física;2019M07;69,5
Persona física;Persona física;2019M06;70,5
Persona física;Persona física;2019M05;70,7
Persona física;Persona física;2019M04;69,7
Persona física;Persona física;2019M03;69,1
Persona física;Persona física;2019M02;65,5
Persona física;Persona física;2019M01;66,9
Persona física;Persona física;2018M12;67,9
Persona física;Persona física;2018M11;68,2
Persona física;Persona física;2018M10;69
Persona física;Persona física;2018M09;66,8
Persona física;Persona física;2018M08;68,5
Persona física;Persona física;2018M07;68,7
Persona física;Persona física;2018M06;69
Persona física;Persona física;2018M05;68,7
Persona física;Persona física;2018M04;70,2
Persona física;Persona física;2018M03;69,4
Persona física;Persona física;2018M02;66,3
Persona física;Persona física;2018M01;67,4
Persona física;Persona física;2017M12;67,6
Persona física;Persona física;2017M11;66,8
Persona física;Persona física;2017M10;68,5
Persona física;Persona física;2017M09;67,9
Persona física;Persona física;2017M08;67,2
Persona física;Persona física;2017M07;66,2
Persona física;Persona física;2017M06;67,5
Persona física;Persona física;2017M05;65,8
Persona física;Persona física;2017M04;66,5
Persona física;Persona física;2017M03;67
Persona física;Persona física;2017M02;64,8
Persona física;Persona física;2017M01;66,8
Persona física;Persona física;2016M12;67,2
Persona física;Persona física;2016M11;65,8
Persona física;Persona física;2016M10;66
Persona física;Persona física;2016M09;63,4
Persona física;Persona física;2016M08;65,5
Persona física;Persona física;2016M07;66
Persona física;Persona física;2016M06;67,4
Persona física;Persona física;2016M05;65,5
Persona física;Persona física;2016M04;65
Persona física;Persona física;2016M03;64,2
Persona física;Persona física;2016M02;61,1
Persona física;Persona física;2016M01;64,7
Persona física;Persona física;2015M12;65,4
Persona física;Persona física;2015M11;64,8
Persona física;Persona física;2015M10;63,5
Persona física;Persona física;2015M09;63,2
Persona física;Persona física;2015M08;63,6
Persona física;Persona física;2015M07;63,5
Persona física;Persona física;2015M06;64,4
Persona física;Persona física;2015M05;62,8
Persona física;Persona física;2015M04;62,3
Persona física;Persona física;2015M03;61,7
Persona física;Persona física;2015M02;60
Persona física;Persona física;2015M01;60,2
Persona física;Persona física;2014M12;60,2
Persona física;Persona física;2014M11;60,6
Persona física;Persona física;2014M10;60,6
Persona física;Persona física;2014M09;59,4
Persona física;Persona física;2014M08;60,3
Persona física;Persona física;2014M07;58,3
Persona física;Persona física;2014M06;58,1
Persona física;Persona física;2014M05;58,1
Persona física;Persona física;2014M04;55,8
Persona física;Persona física;2014M03;53,5
Persona física;Persona física;2014M02;51,4
Persona física;Persona física;2014M01;49,7
Persona física;Persona física;2013M12;48,5
Persona física;Persona física;2013M11;52,3
Persona física;Persona física;2013M10;51,6
Persona física;Persona física;2013M09;49,4
Persona física;Persona física;2013M08;49,4
Persona física;Persona física;2013M07;49,6
Persona física;Persona física;2013M06;49,4
Persona física;Persona física;2013M05;46,7
Persona física;Persona física;2013M04;47,4
Persona física;Persona física;2013M03;43,3
Persona física;Persona física;2013M02;42,2
Persona física;Persona física;2013M01;43,9
Persona física;Persona física;2012M12;46,5
Persona física;Persona física;2012M11;45,7
Persona física;Persona física;2012M10;49,4
Persona física;Persona física;2012M09;47,7
Persona física;Persona física;2012M08;44,7
Persona física;Persona física;2012M07;48,7
Persona física;Persona física;2012M06;49,6
Persona física;Persona física;2012M05;48,4
Persona física;Persona física;2012M04;49,3
Persona física;Persona física;2012M03;52,2
Persona física;Persona física;2012M02;47,2
Persona física;Persona física;2012M01;48,7
Persona física;Persona física;2011M12;53,4
Persona física;Persona física;2011M11;52,1
Persona física;Persona física;2011M10;54,1
Persona física;Persona física;2011M09;55,5
Persona física;Persona física;2011M08;55,4
Persona física;Persona física;2011M07;51,3
Persona física;Persona física;2011M06;56
Persona física;Persona física;2011M05;57,5
Persona física;Persona física;2011M04;66,4
Persona física;Persona física;2011M03;68,2
Persona física;Persona física;2011M02;68,7
Persona física;Persona física;2011M01;69
Persona física;Persona física;2010M12;68,9
Persona física;Persona física;2010M11;69,3
Persona física;Persona física;2010M10;71,1
Persona física;Persona física;2010M09;70,8
Persona física;Persona física;2010M08;69
Persona física;Persona física;2010M07;68,2
Persona física;Persona física;2010M06;70
Persona física;Persona física;2010M05;67,9
Persona física;Persona física;2010M04;68,9
Persona física;Persona física;2010M03;70
Persona física;Persona física;2010M02;65
Persona física;Persona física;2010M01;65,9
Persona física;Persona física;2009M12;66,9
Persona física;Persona física;2009M11;65,2
Persona física;Persona física;2009M10;65,7
Persona física;Persona física;2009M09;66
Persona física;Persona física;2009M08;61,7
Persona física;Persona física;2009M07;66
Persona física;Persona física;2009M06;63,9
Persona física;Persona física;2009M05;63,6
Persona física;Persona física;2009M04;62,1
Persona física;Persona física;2009M03;60,5
Persona física;Persona física;2009M02;61,1
Persona física;Persona física;2009M01;59,5
Persona física;Persona física;2008M12;60,1
Persona física;Persona física;2008M11;62,2
Persona física;Persona física;2008M10;59,9
Persona física;Persona física;2008M09;58,1
Persona física;Persona física;2008M08;61,8
Persona física;Persona física;2008M07;62
Persona física;Persona física;2008M06;65,1
Persona física;Persona física;2008M05;64
Persona física;Persona física;2008M04;64,6
Persona física;Persona física;2008M03;64,8
Persona física;Persona física;2008M02;63,9
Persona física;Persona física;2008M01;64,1
Persona física;Persona física;2007M12;65,9
Persona física;Persona física;2007M11;67,3
Persona física;Persona física;2007M10;67,9
Persona física;Persona física;2007M09;68
Persona física;Persona física;2007M08;68,1
Persona física;Persona física;2007M07;70,1
Persona física;Persona física;2007M06;69,5
Persona física;Persona física;2007M05;69,6
Persona física;Persona física;2007M04;72,1
Persona física;Persona física;2007M03;69,7
Persona física;Persona física;2007M02;68,8
Persona física;Persona física;2007M01;69,2
Persona física;Persona jurídica;2024M08;4,2
Persona física;Persona jurídica;2024M07;4,4
Persona física;Persona jurídica;2024M06;4,6
Persona física;Persona jurídica;2024M05;4,3
Persona física;Persona jurídica;2024M04;4,7
Persona física;Persona jurídica;2024M03;4,4
Persona física;Persona jurídica;2024M02;4,5
Persona física;Persona jurídica;2024M01;4,7
Persona física;Persona jurídica;2023M12;4,9
Persona física;Persona jurídica;2023M11;4,6
Persona física;Persona jurídica;2023M10;4,4
Persona física;Persona jurídica;2023M09;4,2
Persona física;Persona jurídica;2023M08;4,7
Persona física;Persona jurídica;2023M07;4,8
Persona física;Persona jurídica;2023M06;4,7
Persona física;Persona jurídica;2023M05;4,8
Persona física;Persona jurídica;2023M04;4,5
Persona física;Persona jurídica;2023M03;4,8
Persona física;Persona jurídica;2023M02;4,6
Persona física;Persona jurídica;2023M01;4,6
Persona física;Persona jurídica;2022M12;4,8
Persona física;Persona jurídica;2022M11;4,6
Persona física;Persona jurídica;2022M10;4,1
Persona física;Persona jurídica;2022M09;3,8
Persona física;Persona jurídica;2022M08;4,3
Persona física;Persona jurídica;2022M07;4,2
Persona física;Persona jurídica;2022M06;4,1
Persona física;Persona jurídica;2022M05;3,9
Persona física;Persona jurídica;2022M04;4,2
Persona física;Persona jurídica;2022M03;4,1
Persona física;Persona jurídica;2022M02;4,3
Persona física;Persona jurídica;2022M01;4,1
Persona física;Persona jurídica;2021M12;4
Persona física;Persona jurídica;2021M11;4,1
Persona física;Persona jurídica;2021M10;3,5
Persona física;Persona jurídica;2021M09;3,5
Persona física;Persona jurídica;2021M08;3,8
Persona física;Persona jurídica;2021M07;3,9
Persona física;Persona jurídica;2021M06;3,9
Persona física;Persona jurídica;2021M05;3,9
Persona física;Persona jurídica;2021M04;3,9
Persona física;Persona jurídica;2021M03;3,8
Persona física;Persona jurídica;2021M02;3,9
Persona física;Persona jurídica;2021M01;3,9
Persona física;Persona jurídica;2020M12;3,8
Persona física;Persona jurídica;2020M11;3,8
Persona física;Persona jurídica;2020M10;3,6
Persona física;Persona jurídica;2020M09;3,9
Persona física;Persona jurídica;2020M08;4,5
Persona física;Persona jurídica;2020M07;4,7
Persona física;Persona jurídica;2020M06;3,8
Persona física;Persona jurídica;2020M05;3,4
Persona física;Persona jurídica;2020M04;4,1
Persona física;Persona jurídica;2020M03;5,1
Persona física;Persona jurídica;2020M02;4,9
Persona física;Persona jurídica;2020M01;5
Persona física;Persona jurídica;2019M12;5,2
Persona física;Persona jurídica;2019M11;4,8
Persona física;Persona jurídica;2019M10;4,8
Persona física;Persona jurídica;2019M09;4,8
Persona física;Persona jurídica;2019M08;5,2
Persona física;Persona jurídica;2019M07;4,9
Persona física;Persona jurídica;2019M06;4,7
Persona física;Persona jurídica;2019M05;5,3
Persona física;Persona jurídica;2019M04;4,8
Persona física;Persona jurídica;2019M03;5
Persona física;Persona jurídica;2019M02;5,6
Persona física;Persona jurídica;2019M01;5,2
Persona física;Persona jurídica;2018M12;5,8
Persona física;Persona jurídica;2018M11;5,5
Persona física;Persona jurídica;2018M10;5,5
Persona física;Persona jurídica;2018M09;4,9
Persona física;Persona jurídica;2018M08;5,5
Persona física;Persona jurídica;2018M07;5,5
Persona física;Persona jurídica;2018M06;5,8
Persona física;Persona jurídica;2018M05;6
Persona física;Persona jurídica;2018M04;6,6
Persona física;Persona jurídica;2018M03;5,9
Persona física;Persona jurídica;2018M02;6,3
Persona física;Persona jurídica;2018M01;6,2
Persona física;Persona jurídica;2017M12;6,2
Persona física;Persona jurídica;2017M11;5,9
Persona física;Persona jurídica;2017M10;6,1
Persona física;Persona jurídica;2017M09;5,4
Persona física;Persona jurídica;2017M08;6,1
Persona física;Persona jurídica;2017M07;5,5
Persona física;Persona jurídica;2017M06;5,2
Persona física;Persona jurídica;2017M05;6,8
Persona física;Persona jurídica;2017M04;5,9
Persona física;Persona jurídica;2017M03;6,3
Persona física;Persona jurídica;2017M02;5,8
Persona física;Persona jurídica;2017M01;5,5
Persona física;Persona jurídica;2016M12;5,9
Persona física;Persona jurídica;2016M11;5,5
Persona física;Persona jurídica;2016M10;5,3
Persona física;Persona jurídica;2016M09;5,5
Persona física;Persona jurídica;2016M08;5,1
Persona física;Persona jurídica;2016M07;5,8
Persona física;Persona jurídica;2016M06;5,2
Persona física;Persona jurídica;2016M05;5,8
Persona física;Persona jurídica;2016M04;5,1
Persona física;Persona jurídica;2016M03;7
Persona física;Persona jurídica;2016M02;7,1
Persona física;Persona jurídica;2016M01;6,2
Persona física;Persona jurídica;2015M12;5,8
Persona física;Persona jurídica;2015M11;5,9
Persona física;Persona jurídica;2015M10;5,3
Persona física;Persona jurídica;2015M09;5,7
Persona física;Persona jurídica;2015M08;5
Persona física;Persona jurídica;2015M07;5,1
Persona física;Persona jurídica;2015M06;5,4
Persona física;Persona jurídica;2015M05;6,5
Persona física;Persona jurídica;2015M04;5,7
Persona física;Persona jurídica;2015M03;4,9
Persona física;Persona jurídica;2015M02;5,8
Persona física;Persona jurídica;2015M01;4,8
Persona física;Persona jurídica;2014M12;6,6
Persona física;Persona jurídica;2014M11;4,5
Persona física;Persona jurídica;2014M10;5,9
Persona física;Persona jurídica;2014M09;6,4
Persona física;Persona jurídica;2014M08;7,2
Persona física;Persona jurídica;2014M07;7,3
Persona física;Persona jurídica;2014M06;6,3
Persona física;Persona jurídica;2014M05;7,1
Persona física;Persona jurídica;2014M04;8,3
Persona física;Persona jurídica;2014M03;7,9
Persona física;Persona jurídica;2014M02;7,5
Persona física;Persona jurídica;2014M01;7,4
Persona física;Persona jurídica;2013M12;10
Persona física;Persona jurídica;2013M11;8,4
Persona física;Persona jurídica;2013M10;9,1
Persona física;Persona jurídica;2013M09;8,8
Persona física;Persona jurídica;2013M08;9
Persona física;Persona jurídica;2013M07;8,4
Persona física;Persona jurídica;2013M06;9,4
Persona física;Persona jurídica;2013M05;10,9
Persona física;Persona jurídica;2013M04;10,9
Persona física;Persona jurídica;2013M03;8,9
Persona física;Persona jurídica;2013M02;8,1
Persona física;Persona jurídica;2013M01;8
Persona física;Persona jurídica;2012M12;8,8
Persona física;Persona jurídica;2012M11;8,7
Persona física;Persona jurídica;2012M10;9,3
Persona física;Persona jurídica;2012M09;7,9
Persona física;Persona jurídica;2012M08;9,3
Persona física;Persona jurídica;2012M07;8,1
Persona física;Persona jurídica;2012M06;9,1
Persona física;Persona jurídica;2012M05;8,4
Persona física;Persona jurídica;2012M04;10,3
Persona física;Persona jurídica;2012M03;8,7
Persona física;Persona jurídica;2012M02;10,3
Persona física;Persona jurídica;2012M01;7,5
Persona física;Persona jurídica;2011M12;7
Persona física;Persona jurídica;2011M11;9,7
Persona física;Persona jurídica;2011M10;7,6
Persona física;Persona jurídica;2011M09;6,7
Persona física;Persona jurídica;2011M08;7,2
Persona física;Persona jurídica;2011M07;12,6
Persona física;Persona jurídica;2011M06;7,9
Persona física;Persona jurídica;2011M05;7,4
Persona física;Persona jurídica;2011M04;5,6
Persona física;Persona jurídica;2011M03;5,1
Persona física;Persona jurídica;2011M02;4,3
Persona física;Persona jurídica;2011M01;4,9
Persona física;Persona jurídica;2010M12;5
Persona física;Persona jurídica;2010M11;3,7
Persona física;Persona jurídica;2010M10;4,3
Persona física;Persona jurídica;2010M09;3,7
Persona física;Persona jurídica;2010M08;4
Persona física;Persona jurídica;2010M07;3,5
Persona física;Persona jurídica;2010M06;3,9
Persona física;Persona jurídica;2010M05;4,2
Persona física;Persona jurídica;2010M04;3,8
Persona física;Persona jurídica;2010M03;3,6
Persona física;Persona jurídica;2010M02;3,8
Persona física;Persona jurídica;2010M01;3,9
Persona física;Persona jurídica;2009M12;3,8
Persona física;Persona jurídica;2009M11;3,2
Persona física;Persona jurídica;2009M10;4,4
Persona física;Persona jurídica;2009M09;3,5
Persona física;Persona jurídica;2009M08;5,5
Persona física;Persona jurídica;2009M07;3,6
Persona física;Persona jurídica;2009M06;3,8
Persona física;Persona jurídica;2009M05;3,2
Persona física;Persona jurídica;2009M04;3,6
Persona física;Persona jurídica;2009M03;3,3
Persona física;Persona jurídica;2009M02;3,9
Persona física;Persona jurídica;2009M01;2,9
Persona física;Persona jurídica;2008M12;2,8
Persona física;Persona jurídica;2008M11;2,6
Persona física;Persona jurídica;2008M10;2,2
Persona física;Persona jurídica;2008M09;2,6
Persona física;Persona jurídica;2008M08;2,3
Persona física;Persona jurídica;2008M07;3,2
Persona física;Persona jurídica;2008M06;2,3
Persona física;Persona jurídica;2008M05;2,2
Persona física;Persona jurídica;2008M04;2,4
Persona física;Persona jurídica;2008M03;2,5
Persona física;Persona jurídica;2008M02;3
Persona física;Persona jurídica;2008M01;3
Persona física;Persona jurídica;2007M12;2,6
Persona física;Persona jurídica;2007M11;3,4
Persona física;Persona jurídica;2007M10;2,9
Persona física;Persona jurídica;2007M09;3
Persona física;Persona jurídica;2007M08;3,4
Persona física;Persona jurídica;2007M07;3,1
Persona física;Persona jurídica;2007M06;3,6
Persona física;Persona jurídica;2007M05;3,7
Persona física;Persona jurídica;2007M04;3,3
Persona física;Persona jurídica;2007M03;3,5
Persona física;Persona jurídica;2007M02;3,8
Persona física;Persona jurídica;2007M01;3,4
Persona jurídica;Persona física;2024M08;18,4
Persona jurídica;Persona física;2024M07;17,7
Persona jurídica;Persona física;2024M06;18,6
Persona jurídica;Persona física;2024M05;18,7
Persona jurídica;Persona física;2024M04;19,1
Persona jurídica;Persona física;2024M03;20,2
Persona jurídica;Persona física;2024M02;21
Persona jurídica;Persona física;2024M01;21,2
Persona jurídica;Persona física;2023M12;20,4
Persona jurídica;Persona física;2023M11;20
Persona jurídica;Persona física;2023M10;20,7
Persona jurídica;Persona física;2023M09;21,2
Persona jurídica;Persona física;2023M08;20
Persona jurídica;Persona física;2023M07;20,1
Persona jurídica;Persona física;2023M06;20,6
Persona jurídica;Persona física;2023M05;20,4
Persona jurídica;Persona física;2023M04;20,8
Persona jurídica;Persona física;2023M03;20,6
Persona jurídica;Persona física;2023M02;21,3
Persona jurídica;Persona física;2023M01;20,6
Persona jurídica;Persona física;2022M12;19,9
Persona jurídica;Persona física;2022M11;19,9
Persona jurídica;Persona física;2022M10;20,4
Persona jurídica;Persona física;2022M09;19,8
Persona jurídica;Persona física;2022M08;18,9
Persona jurídica;Persona física;2022M07;19,1
Persona jurídica;Persona física;2022M06;19,1
Persona jurídica;Persona física;2022M05;19,3
Persona jurídica;Persona física;2022M04;20,5
Persona jurídica;Persona física;2022M03;20,9
Persona jurídica;Persona física;2022M02;22
Persona jurídica;Persona física;2022M01;21,2
Persona jurídica;Persona física;2021M12;19,9
Persona jurídica;Persona física;2021M11;20,7
Persona jurídica;Persona física;2021M10;21
Persona jurídica;Persona física;2021M09;20,8
Persona jurídica;Persona física;2021M08;19,8
Persona jurídica;Persona física;2021M07;19,8
Persona jurídica;Persona física;2021M06;20,5
Persona jurídica;Persona física;2021M05;20,9
Persona jurídica;Persona física;2021M04;22,2
Persona jurídica;Persona física;2021M03;23,2
Persona jurídica;Persona física;2021M02;24,4
Persona jurídica;Persona física;2021M01;22,3
Persona jurídica;Persona física;2020M12;21,4
Persona jurídica;Persona física;2020M11;22,1
Persona jurídica;Persona física;2020M10;22,3
Persona jurídica;Persona física;2020M09;23
Persona jurídica;Persona física;2020M08;23,4
Persona jurídica;Persona física;2020M07;22,3
Persona jurídica;Persona física;2020M06;21,1
Persona jurídica;Persona física;2020M05;20,5
Persona jurídica;Persona física;2020M04;19,1
Persona jurídica;Persona física;2020M03;18,5
Persona jurídica;Persona física;2020M02;20,7
Persona jurídica;Persona física;2020M01;20,1
Persona jurídica;Persona física;2019M12;20,7
Persona jurídica;Persona física;2019M11;19,3
Persona jurídica;Persona física;2019M10;18,8
Persona jurídica;Persona física;2019M09;18,1
Persona jurídica;Persona física;2019M08;18,8
Persona jurídica;Persona física;2019M07;18,5
Persona jurídica;Persona física;2019M06;18,2
Persona jurídica;Persona física;2019M05;18,4
Persona jurídica;Persona física;2019M04;18,4
Persona jurídica;Persona física;2019M03;19,5
Persona jurídica;Persona física;2019M02;20,3
Persona jurídica;Persona física;2019M01;20,6
Persona jurídica;Persona física;2018M12;20,7
Persona jurídica;Persona física;2018M11;20,1
Persona jurídica;Persona física;2018M10;19,8
Persona jurídica;Persona física;2018M09;20,6
Persona jurídica;Persona física;2018M08;19,6
Persona jurídica;Persona física;2018M07;18,6
Persona jurídica;Persona física;2018M06;18,9
Persona jurídica;Persona física;2018M05;18,3
Persona jurídica;Persona física;2018M04;19,4
Persona jurídica;Persona física;2018M03;19,3
Persona jurídica;Persona física;2018M02;19,7
Persona jurídica;Persona física;2018M01;20,2
Persona jurídica;Persona física;2017M12;20
Persona jurídica;Persona física;2017M11;19,1
Persona jurídica;Persona física;2017M10;20,5
Persona jurídica;Persona física;2017M09;21,4
Persona jurídica;Persona física;2017M08;20,7
Persona jurídica;Persona física;2017M07;20,2
Persona jurídica;Persona física;2017M06;20,4
Persona jurídica;Persona física;2017M05;20
Persona jurídica;Persona física;2017M04;20,3
Persona jurídica;Persona física;2017M03;20,8
Persona jurídica;Persona física;2017M02;22,7
Persona jurídica;Persona física;2017M01;22,6
Persona jurídica;Persona física;2016M12;22,3
Persona jurídica;Persona física;2016M11;21,9
Persona jurídica;Persona física;2016M10;22,2
Persona jurídica;Persona física;2016M09;21,8
Persona jurídica;Persona física;2016M08;22,2
Persona jurídica;Persona física;2016M07;22
Persona jurídica;Persona física;2016M06;22,3
Persona jurídica;Persona física;2016M05;21,9
Persona jurídica;Persona física;2016M04;22,1
Persona jurídica;Persona física;2016M03;22,2
Persona jurídica;Persona física;2016M02;23,4
Persona jurídica;Persona física;2016M01;24,1
Persona jurídica;Persona física;2015M12;23,6
Persona jurídica;Persona física;2015M11;23,7
Persona jurídica;Persona física;2015M10;22,9
Persona jurídica;Persona física;2015M09;24,2
Persona jurídica;Persona física;2015M08;24,1
Persona jurídica;Persona física;2015M07;24,2
Persona jurídica;Persona física;2015M06;24,9
Persona jurídica;Persona física;2015M05;24,3
Persona jurídica;Persona física;2015M04;25,5
Persona jurídica;Persona física;2015M03;26,1
Persona jurídica;Persona física;2015M02;24,4
Persona jurídica;Persona física;2015M01;24,6
Persona jurídica;Persona física;2014M12;25,7
Persona jurídica;Persona física;2014M11;27,3
Persona jurídica;Persona física;2014M10;26,9
Persona jurídica;Persona física;2014M09;26,9
Persona jurídica;Persona física;2014M08;26,7
Persona jurídica;Persona física;2014M07;27,3
Persona jurídica;Persona física;2014M06;27,8
Persona jurídica;Persona física;2014M05;28,4
Persona jurídica;Persona física;2014M04;28,8
Persona jurídica;Persona física;2014M03;28,3
Persona jurídica;Persona física;2014M02;29,8
Persona jurídica;Persona física;2014M01;28,2
Persona jurídica;Persona física;2013M12;27,2
Persona jurídica;Persona física;2013M11;28,1
Persona jurídica;Persona física;2013M10;27,9
Persona jurídica;Persona física;2013M09;27,1
Persona jurídica;Persona física;2013M08;27,4
Persona jurídica;Persona física;2013M07;28,6
Persona jurídica;Persona física;2013M06;28,1
Persona jurídica;Persona física;2013M05;28,4
Persona jurídica;Persona física;2013M04;28,5
Persona jurídica;Persona física;2013M03;31,3
Persona jurídica;Persona física;2013M02;37,9
Persona jurídica;Persona física;2013M01;39,2
Persona jurídica;Persona física;2012M12;34,3
Persona jurídica;Persona física;2012M11;34,6
Persona jurídica;Persona física;2012M10;32
Persona jurídica;Persona física;2012M09;34,4
Persona jurídica;Persona física;2012M08;32,6
Persona jurídica;Persona física;2012M07;33,8
Persona jurídica;Persona física;2012M06;31,1
Persona jurídica;Persona física;2012M05;31,6
Persona jurídica;Persona física;2012M04;29,3
Persona jurídica;Persona física;2012M03;26,9
Persona jurídica;Persona física;2012M02;32,7
Persona jurídica;Persona física;2012M01;35
Persona jurídica;Persona física;2011M12;31,9
Persona jurídica;Persona física;2011M11;29,6
Persona jurídica;Persona física;2011M10;29,9
Persona jurídica;Persona física;2011M09;30,4
Persona jurídica;Persona física;2011M08;28,8
Persona jurídica;Persona física;2011M07;25,1
Persona jurídica;Persona física;2011M06;28,3
Persona jurídica;Persona física;2011M05;26,5
Persona jurídica;Persona física;2011M04;23,2
Persona jurídica;Persona física;2011M03;22,6
Persona jurídica;Persona física;2011M02;23,4
Persona jurídica;Persona física;2011M01;22,2
Persona jurídica;Persona física;2010M12;21,2
Persona jurídica;Persona física;2010M11;22,3
Persona jurídica;Persona física;2010M10;21,3
Persona jurídica;Persona física;2010M09;22,5
Persona jurídica;Persona física;2010M08;23,9
Persona jurídica;Persona física;2010M07;25,3
Persona jurídica;Persona física;2010M06;23,5
Persona jurídica;Persona física;2010M05;24,6
Persona jurídica;Persona física;2010M04;24
Persona jurídica;Persona física;2010M03;24,1
Persona jurídica;Persona física;2010M02;27
Persona jurídica;Persona física;2010M01;25,6
Persona jurídica;Persona física;2009M12;26,1
Persona jurídica;Persona física;2009M11;27,3
Persona jurídica;Persona física;2009M10;26,8
Persona jurídica;Persona física;2009M09;27,5
Persona jurídica;Persona física;2009M08;26,9
Persona jurídica;Persona física;2009M07;26,3
Persona jurídica;Persona física;2009M06;28,3
Persona jurídica;Persona física;2009M05;29,5
Persona jurídica;Persona física;2009M04;30,5
Persona jurídica;Persona física;2009M03;29,7
Persona jurídica;Persona física;2009M02;30,7
Persona jurídica;Persona física;2009M01;32,1
Persona jurídica;Persona física;2008M12;33,4
Persona jurídica;Persona física;2008M11;31,4
Persona jurídica;Persona física;2008M10;33,8
Persona jurídica;Persona física;2008M09;34,9
Persona jurídica;Persona física;2008M08;32,5
Persona jurídica;Persona física;2008M07;31,9
Persona jurídica;Persona física;2008M06;30,4
Persona jurídica;Persona física;2008M05;31,4
Persona jurídica;Persona física;2008M04;31
Persona jurídica;Persona física;2008M03;30,4
Persona jurídica;Persona física;2008M02;30,1
Persona jurídica;Persona física;2008M01;29,7
Persona jurídica;Persona física;2007M12;29
Persona jurídica;Persona física;2007M11;27,2
Persona jurídica;Persona física;2007M10;27,4
Persona jurídica;Persona física;2007M09;27
Persona jurídica;Persona física;2007M08;26,5
Persona jurídica;Persona física;2007M07;24,7
Persona jurídica;Persona física;2007M06;25,3
Persona jurídica;Persona física;2007M05;24,2
Persona jurídica;Persona física;2007M04;22,8
Persona jurídica;Persona física;2007M03;24,6
Persona jurídica;Persona física;2007M02;24,1
Persona jurídica;Persona física;2007M01;25,1
Persona jurídica;Persona jurídica;2024M08;4,8
Persona jurídica;Persona jurídica;2024M07;5,4
Persona jurídica;Persona jurídica;2024M06;6
Persona jurídica;Persona jurídica;2024M05;6
Persona jurídica;Persona jurídica;2024M04;7
Persona jurídica;Persona jurídica;2024M03;8,6
Persona jurídica;Persona jurídica;2024M02;8,9
Persona jurídica;Persona jurídica;2024M01;6,6
Persona jurídica;Persona jurídica;2023M12;5,6
Persona jurídica;Persona jurídica;2023M11;6,5
Persona jurídica;Persona jurídica;2023M10;5,5
Persona jurídica;Persona jurídica;2023M09;4,8
Persona jurídica;Persona jurídica;2023M08;6,9
Persona jurídica;Persona jurídica;2023M07;6,4
Persona jurídica;Persona jurídica;2023M06;5,8
Persona jurídica;Persona jurídica;2023M05;6
Persona jurídica;Persona jurídica;2023M04;6,4
Persona jurídica;Persona jurídica;2023M03;6,7
Persona jurídica;Persona jurídica;2023M02;6,9
Persona jurídica;Persona jurídica;2023M01;6,3
Persona jurídica;Persona jurídica;2022M12;5,1
Persona jurídica;Persona jurídica;2022M11;5,1
Persona jurídica;Persona jurídica;2022M10;5,9
Persona jurídica;Persona jurídica;2022M09;6,5
Persona jurídica;Persona jurídica;2022M08;7,9
Persona jurídica;Persona jurídica;2022M07;6,8
Persona jurídica;Persona jurídica;2022M06;5,1
Persona jurídica;Persona jurídica;2022M05;7,7
Persona jurídica;Persona jurídica;2022M04;5,6
Persona jurídica;Persona jurídica;2022M03;5,5
Persona jurídica;Persona jurídica;2022M02;7
Persona jurídica;Persona jurídica;2022M01;5,5
Persona jurídica;Persona jurídica;2021M12;5,7
Persona jurídica;Persona jurídica;2021M11;5,1
Persona jurídica;Persona jurídica;2021M10;4,6
Persona jurídica;Persona jurídica;2021M09;5,8
Persona jurídica;Persona jurídica;2021M08;5,5
Persona jurídica;Persona jurídica;2021M07;6,2
Persona jurídica;Persona jurídica;2021M06;4,9
Persona jurídica;Persona jurídica;2021M05;5,8
Persona jurídica;Persona jurídica;2021M04;4,9
Persona jurídica;Persona jurídica;2021M03;4,9
Persona jurídica;Persona jurídica;2021M02;6,9
Persona jurídica;Persona jurídica;2021M01;6,8
Persona jurídica;Persona jurídica;2020M12;4,8
Persona jurídica;Persona jurídica;2020M11;4,5
Persona jurídica;Persona jurídica;2020M10;5,2
Persona jurídica;Persona jurídica;2020M09;6,8
Persona jurídica;Persona jurídica;2020M08;6,5
Persona jurídica;Persona jurídica;2020M07;6,4
Persona jurídica;Persona jurídica;2020M06;5,3
Persona jurídica;Persona jurídica;2020M05;6,7
Persona jurídica;Persona jurídica;2020M04;7,7
Persona jurídica;Persona jurídica;2020M03;8,8
Persona jurídica;Persona jurídica;2020M02;9,4
Persona jurídica;Persona jurídica;2020M01;9,2
Persona jurídica;Persona jurídica;2019M12;5,2
Persona jurídica;Persona jurídica;2019M11;7,2
Persona jurídica;Persona jurídica;2019M10;8
Persona jurídica;Persona jurídica;2019M09;7,8
Persona jurídica;Persona jurídica;2019M08;6,4
Persona jurídica;Persona jurídica;2019M07;7,1
Persona jurídica;Persona jurídica;2019M06;6,6
Persona jurídica;Persona jurídica;2019M05;5,6
Persona jurídica;Persona jurídica;2019M04;7,1
Persona jurídica;Persona jurídica;2019M03;6,4
Persona jurídica;Persona jurídica;2019M02;8,6
Persona jurídica;Persona jurídica;2019M01;7,3
Persona jurídica;Persona jurídica;2018M12;5,6
Persona jurídica;Persona jurídica;2018M11;6,2
Persona jurídica;Persona jurídica;2018M10;5,7
Persona jurídica;Persona jurídica;2018M09;7,7
Persona jurídica;Persona jurídica;2018M08;6,4
Persona jurídica;Persona jurídica;2018M07;7,2
Persona jurídica;Persona jurídica;2018M06;6,3
Persona jurídica;Persona jurídica;2018M05;7
Persona jurídica;Persona jurídica;2018M04;3,8
Persona jurídica;Persona jurídica;2018M03;5,4
Persona jurídica;Persona jurídica;2018M02;7,7
Persona jurídica;Persona jurídica;2018M01;6,2
Persona jurídica;Persona jurídica;2017M12;6,2
Persona jurídica;Persona jurídica;2017M11;8,2
Persona jurídica;Persona jurídica;2017M10;4,9
Persona jurídica;Persona jurídica;2017M09;5,3
Persona jurídica;Persona jurídica;2017M08;6
Persona jurídica;Persona jurídica;2017M07;8,1
Persona jurídica;Persona jurídica;2017M06;6,9
Persona jurídica;Persona jurídica;2017M05;7,4
Persona jurídica;Persona jurídica;2017M04;7,3
Persona jurídica;Persona jurídica;2017M03;5,9
Persona jurídica;Persona jurídica;2017M02;6,7
Persona jurídica;Persona jurídica;2017M01;5,1
Persona jurídica;Persona jurídica;2016M12;4,6
Persona jurídica;Persona jurídica;2016M11;6,8
Persona jurídica;Persona jurídica;2016M10;6,5
Persona jurídica;Persona jurídica;2016M09;9,3
Persona jurídica;Persona jurídica;2016M08;7,2
Persona jurídica;Persona jurídica;2016M07;6,2
Persona jurídica;Persona jurídica;2016M06;5,1
Persona jurídica;Persona jurídica;2016M05;6,8
Persona jurídica;Persona jurídica;2016M04;7,8
Persona jurídica;Persona jurídica;2016M03;6,6
Persona jurídica;Persona jurídica;2016M02;8,4
Persona jurídica;Persona jurídica;2016M01;5
Persona jurídica;Persona jurídica;2015M12;5,2
Persona jurídica;Persona jurídica;2015M11;5,6
Persona jurídica;Persona jurídica;2015M10;8,3
Persona jurídica;Persona jurídica;2015M09;6,9
Persona jurídica;Persona jurídica;2015M08;7,3
Persona jurídica;Persona jurídica;2015M07;7,2
Persona jurídica;Persona jurídica;2015M06;5,3
Persona jurídica;Persona jurídica;2015M05;6,4
Persona jurídica;Persona jurídica;2015M04;6,5
Persona jurídica;Persona jurídica;2015M03;7,3
Persona jurídica;Persona jurídica;2015M02;9,8
Persona jurídica;Persona jurídica;2015M01;10,4
Persona jurídica;Persona jurídica;2014M12;7,5
Persona jurídica;Persona jurídica;2014M11;7,6
Persona jurídica;Persona jurídica;2014M10;6,6
Persona jurídica;Persona jurídica;2014M09;7,3
Persona jurídica;Persona jurídica;2014M08;5,8
Persona jurídica;Persona jurídica;2014M07;7,1
Persona jurídica;Persona jurídica;2014M06;7,8
Persona jurídica;Persona jurídica;2014M05;6,4
Persona jurídica;Persona jurídica;2014M04;7,1
Persona jurídica;Persona jurídica;2014M03;10,3
Persona jurídica;Persona jurídica;2014M02;11,3
Persona jurídica;Persona jurídica;2014M01;14,7
Persona jurídica;Persona jurídica;2013M12;14,3
Persona jurídica;Persona jurídica;2013M11;11,2
Persona jurídica;Persona jurídica;2013M10;11,4
Persona jurídica;Persona jurídica;2013M09;14,7
Persona jurídica;Persona jurídica;2013M08;14,2
Persona jurídica;Persona jurídica;2013M07;13,4
Persona jurídica;Persona jurídica;2013M06;13,1
Persona jurídica;Persona jurídica;2013M05;14
Persona jurídica;Persona jurídica;2013M04;13,2
Persona jurídica;Persona jurídica;2013M03;16,5
Persona jurídica;Persona jurídica;2013M02;11,8
Persona jurídica;Persona jurídica;2013M01;8,9
Persona jurídica;Persona jurídica;2012M12;10,4
Persona jurídica;Persona jurídica;2012M11;11
Persona jurídica;Persona jurídica;2012M10;9,3
Persona jurídica;Persona jurídica;2012M09;10
Persona jurídica;Persona jurídica;2012M08;13,4
Persona jurídica;Persona jurídica;2012M07;9,4
Persona jurídica;Persona jurídica;2012M06;10,2
Persona jurídica;Persona jurídica;2012M05;11,6
Persona jurídica;Persona jurídica;2012M04;11,1
Persona jurídica;Persona jurídica;2012M03;12,2
Persona jurídica;Persona jurídica;2012M02;9,8
Persona jurídica;Persona jurídica;2012M01;8,8
Persona jurídica;Persona jurídica;2011M12;7,7
Persona jurídica;Persona jurídica;2011M11;8,6
Persona jurídica;Persona jurídica;2011M10;8,4
Persona jurídica;Persona jurídica;2011M09;7,4
Persona jurídica;Persona jurídica;2011M08;8,6
Persona jurídica;Persona jurídica;2011M07;11
Persona jurídica;Persona jurídica;2011M06;7,8
Persona jurídica;Persona jurídica;2011M05;8,6
Persona jurídica;Persona jurídica;2011M04;4,8
Persona jurídica;Persona jurídica;2011M03;4,1
Persona jurídica;Persona jurídica;2011M02;3,6
Persona jurídica;Persona jurídica;2011M01;3,9
Persona jurídica;Persona jurídica;2010M12;4,9
Persona jurídica;Persona jurídica;2010M11;4,7
Persona jurídica;Persona jurídica;2010M10;3,3
Persona jurídica;Persona jurídica;2010M09;3
Persona jurídica;Persona jurídica;2010M08;3,1
Persona jurídica;Persona jurídica;2010M07;3
Persona jurídica;Persona jurídica;2010M06;2,6
Persona jurídica;Persona jurídica;2010M05;3,3
Persona jurídica;Persona jurídica;2010M04;3,3
Persona jurídica;Persona jurídica;2010M03;2,3
Persona jurídica;Persona jurídica;2010M02;4,2
Persona jurídica;Persona jurídica;2010M01;4,6
Persona jurídica;Persona jurídica;2009M12;3,2
Persona jurídica;Persona jurídica;2009M11;4,3
Persona jurídica;Persona jurídica;2009M10;3,1
Persona jurídica;Persona jurídica;2009M09;3
Persona jurídica;Persona jurídica;2009M08;5,9
Persona jurídica;Persona jurídica;2009M07;4,1
Persona jurídica;Persona jurídica;2009M06;4
Persona jurídica;Persona jurídica;2009M05;3,7
Persona jurídica;Persona jurídica;2009M04;3,8
Persona jurídica;Persona jurídica;2009M03;6,5
Persona jurídica;Persona jurídica;2009M02;4,3
Persona jurídica;Persona jurídica;2009M01;5,5
Persona jurídica;Persona jurídica;2008M12;3,7
Persona jurídica;Persona jurídica;2008M11;3,8
Persona jurídica;Persona jurídica;2008M10;4,1
Persona jurídica;Persona jurídica;2008M09;4,4
Persona jurídica;Persona jurídica;2008M08;3,4
Persona jurídica;Persona jurídica;2008M07;2,9
Persona jurídica;Persona jurídica;2008M06;2,2
Persona jurídica;Persona jurídica;2008M05;2,4
Persona jurídica;Persona jurídica;2008M04;2
Persona jurídica;Persona jurídica;2008M03;2,3
Persona jurídica;Persona jurídica;2008M02;3
Persona jurídica;Persona jurídica;2008M01;3,2
Persona jurídica;Persona jurídica;2007M12;2,5
Persona jurídica;Persona jurídica;2007M11;2,1
Persona jurídica;Persona jurídica;2007M10;1,8
Persona jurídica;Persona jurídica;2007M09;2
Persona jurídica;Persona jurídica;2007M08;2
Persona jurídica;Persona jurídica;2007M07;2,1
Persona jurídica;Persona jurídica;2007M06;1,6
Persona jurídica;Persona jurídica;2007M05;2,5
Persona jurídica;Persona jurídica;2007M04;1,8
Persona jurídica;Persona jurídica;2007M03;2,2
Persona jurídica;Persona jurídica;2007M02;3,3
Persona jurídica;Persona jurídica;2007M01;2,3
